,State,Confirmed
0,Alabama,1715
1,Alabama,5141
2,Alabama,851
3,Alabama,638
4,Alabama,1580
5,Alabama,597
6,Alabama,911
7,Alabama,3401
8,Alabama,1144
9,Alabama,583
10,Alabama,1524
11,Alabama,344
12,Alabama,1070
13,Alabama,554
14,Alabama,335
15,Alabama,1298
16,Alabama,1629
17,Alabama,530
18,Alabama,167
19,Alabama,1334
20,Alabama,527
21,Alabama,1868
22,Alabama,1346
23,Alabama,1759
24,Alabama,2375
25,Alabama,2596
26,Alabama,1577
27,Alabama,3402
28,Alabama,435
29,Alabama,1752
30,Alabama,586
31,Alabama,303
32,Alabama,619
33,Alabama,483
34,Alabama,2764
35,Alabama,1540
36,Alabama,19306
37,Alabama,357
38,Alabama,1673
39,Alabama,605
40,Alabama,5792
41,Alabama,2033
42,Alabama,652
43,Alabama,479
44,Alabama,7709
45,Alabama,705
46,Alabama,954
47,Alabama,3892
48,Alabama,13233
49,Alabama,580
50,Alabama,8748
51,Alabama,3239
52,Alabama,0
53,Alabama,539
54,Alabama,645
55,Alabama,1179
56,Alabama,627
57,Alabama,1732
58,Alabama,5787
59,Alabama,2263
60,Alabama,432
61,Alabama,2106
62,Alabama,1138
63,Alabama,7418
64,Alabama,0
65,Alabama,2253
66,Alabama,551
67,Alabama,530
68,Alabama,718
69,Alaska,2
70,Alaska,8
71,Alaska,3926
72,Alaska,96
73,Alaska,10
74,Alaska,2
75,Alaska,8
76,Alaska,1001
77,Alaska,5
78,Alaska,0
79,Alaska,273
80,Alaska,440
81,Alaska,49
82,Alaska,21
83,Alaska,12
84,Alaska,0
85,Alaska,587
86,Alaska,57
87,Alaska,96
88,Alaska,98
89,Alaska,0
90,Alaska,7
91,Alaska,30
92,Alaska,44
93,Alaska,0
94,Alaska,24
95,Alaska,17
96,Alaska,76
97,Alaska,13
98,Alaska,23
99,Alaska,79
100,American Samoa,0
101,Arizona,3476
102,Arizona,1886
103,Arizona,3819
104,Arizona,1245
105,Arizona,808
106,Arizona,59
107,Arizona,536
108,Arizona,140409
109,Arizona,3930
110,Arizona,5763
111,Arizona,0
112,Arizona,25004
113,Arizona,10422
114,Arizona,2823
115,Arizona,0
116,Arizona,2495
117,Arizona,12609
118,Arkansas,371
119,Arkansas,428
120,Arkansas,302
121,Arkansas,6399
122,Arkansas,664
123,Arkansas,340
124,Arkansas,34
125,Arkansas,630
126,Arkansas,1001
127,Arkansas,322
128,Arkansas,277
129,Arkansas,315
130,Arkansas,179
131,Arkansas,399
132,Arkansas,255
133,Arkansas,2759
134,Arkansas,1303
135,Arkansas,1903
136,Arkansas,422
137,Arkansas,158
138,Arkansas,284
139,Arkansas,350
140,Arkansas,2363
141,Arkansas,261
142,Arkansas,134
143,Arkansas,1798
144,Arkansas,252
145,Arkansas,823
146,Arkansas,359
147,Arkansas,1863
148,Arkansas,463
149,Arkansas,1051
150,Arkansas,202
151,Arkansas,302
152,Arkansas,2999
153,Arkansas,829
154,Arkansas,98
155,Arkansas,391
156,Arkansas,1052
157,Arkansas,1943
158,Arkansas,352
159,Arkansas,398
160,Arkansas,1102
161,Arkansas,337
162,Arkansas,83
163,Arkansas,797
164,Arkansas,1636
165,Arkansas,121
166,Arkansas,139
167,Arkansas,214
168,Arkansas,226
169,Arkansas,252
170,Arkansas,0
171,Arkansas,85
172,Arkansas,470
173,Arkansas,223
174,Arkansas,632
175,Arkansas,253
176,Arkansas,2054
177,Arkansas,142
178,Arkansas,8881
179,Arkansas,395
180,Arkansas,2007
181,Arkansas,97
182,Arkansas,141
183,Arkansas,3543
184,Arkansas,1196
185,Arkansas,208
186,Arkansas,1491
187,Arkansas,322
188,Arkansas,1624
189,Arkansas,858
190,Arkansas,172
191,Arkansas,9178
192,Arkansas,768
193,Arkansas,48
194,Arkansas,1240
195,California,20839
196,California,2
197,California,287
198,California,2776
199,California,314
200,California,522
201,California,16156
202,California,138
203,California,1078
204,California,27944
205,California,568
206,California,490
207,California,11658
208,California,187
209,California,31647
210,California,7544
211,California,516
212,California,736
213,California,263333
214,California,4424
215,California,6620
216,California,75
217,California,887
218,California,8803
219,California,25
220,California,165
221,California,9645
222,California,1652
223,California,525
224,California,52538
225,California,0
226,California,3523
227,California,50
228,California,57695
229,California,21800
230,California,1314
231,California,53121
232,California,45425
233,California,10901
234,California,20060
235,California,3453
236,California,9664
237,California,8952
238,California,20648
239,California,2283
240,California,751
241,California,6
242,California,163
243,California,6232
244,California,7225
245,California,16425
246,California,1686
247,California,529
248,California,15
249,California,15782
250,California,226
251,California,0
252,California,12507
253,California,2773
254,California,1133
255,Colorado,8684
256,Colorado,242
257,Colorado,8999
258,Colorado,55
259,Colorado,17
260,Colorado,11
261,Colorado,3990
262,Colorado,616
263,Colorado,325
264,Colorado,13
265,Colorado,37
266,Colorado,31
267,Colorado,32
268,Colorado,73
269,Colorado,17
270,Colorado,187
271,Colorado,12689
272,Colorado,3
273,Colorado,2458
274,Colorado,1244
275,Colorado,6743
276,Colorado,152
277,Colorado,170
278,Colorado,936
279,Colorado,18
280,Colorado,71
281,Colorado,296
282,Colorado,3
283,Colorado,19
284,Colorado,9
285,Colorado,5500
286,Colorado,0
287,Colorado,79
288,Colorado,255
289,Colorado,91
290,Colorado,2424
291,Colorado,21
292,Colorado,9
293,Colorado,850
294,Colorado,551
295,Colorado,20
296,Colorado,40
297,Colorado,131
298,Colorado,373
299,Colorado,736
300,Colorado,92
301,Colorado,25
302,Colorado,0
303,Colorado,55
304,Colorado,34
305,Colorado,221
306,Colorado,94
307,Colorado,1052
308,Colorado,25
309,Colorado,96
310,Colorado,148
311,Colorado,111
312,Colorado,6
313,Colorado,96
314,Colorado,14
315,Colorado,428
316,Colorado,174
317,Colorado,0
318,Colorado,60
319,Colorado,4597
320,Colorado,101
321,Connecticut,19949
322,Connecticut,14456
323,Connecticut,1849
324,Connecticut,1560
325,Connecticut,14294
326,Connecticut,1803
327,Connecticut,0
328,Connecticut,1328
329,Connecticut,135
330,Connecticut,941
331,Delaware,2898
332,Delaware,9777
333,Delaware,0
334,Delaware,6673
335,Delaware,482
336,Diamond Princess,49
337,District of Columbia,15050
338,District of Columbia,0
339,District of Columbia,0
340,Florida,7735
341,Florida,1426
342,Florida,5924
343,Florida,1054
344,Florida,8578
345,Florida,76146
346,Florida,608
347,Florida,2978
348,Florida,2684
349,Florida,4895
350,Florida,12565
351,Florida,3690
352,Florida,1551
353,Florida,828
354,Florida,29717
355,Florida,12103
356,Florida,1687
357,Florida,604
358,Florida,2739
359,Florida,505
360,Florida,513
361,Florida,871
362,Florida,840
363,Florida,1313
364,Florida,2051
365,Florida,3064
366,Florida,2111
367,Florida,41178
368,Florida,735
369,Florida,3129
370,Florida,2768
371,Florida,550
372,Florida,1232
373,Florida,7365
374,Florida,20124
375,Florida,10204
376,Florida,1012
377,Florida,497
378,Florida,1009
379,Florida,11327
380,Florida,9541
381,Florida,4807
382,Florida,167880
383,Florida,1813
384,Florida,2053
385,Florida,4802
386,Florida,1501
387,Florida,39412
388,Florida,12249
389,Florida,0
390,Florida,45743
391,Florida,8988
392,Florida,21701
393,Florida,19452
394,Florida,2088
395,Florida,5236
396,Florida,7948
397,Florida,8911
398,Florida,5167
399,Florida,7875
400,Florida,2196
401,Florida,2657
402,Florida,1307
403,Florida,1623
404,Florida,903
405,Florida,10651
406,Florida,1106
407,Florida,1915
408,Florida,1064
409,Georgia,1015
410,Georgia,438
411,Georgia,596
412,Georgia,79
413,Georgia,2078
414,Georgia,473
415,Georgia,2124
416,Georgia,2835
417,Georgia,751
418,Georgia,442
419,Georgia,5995
420,Georgia,426
421,Georgia,343
422,Georgia,515
423,Georgia,1126
424,Georgia,2836
425,Georgia,781
426,Georgia,631
427,Georgia,236
428,Georgia,1250
429,Georgia,444
430,Georgia,2682
431,Georgia,1139
432,Georgia,622
433,Georgia,8277
434,Georgia,1628
435,Georgia,739
436,Georgia,5868
437,Georgia,4939
438,Georgia,120
439,Georgia,7086
440,Georgia,370
441,Georgia,19283
442,Georgia,2009
443,Georgia,1877
444,Georgia,3661
445,Georgia,544
446,Georgia,2546
447,Georgia,166
448,Georgia,539
449,Georgia,278
450,Georgia,797
451,Georgia,18302
452,Georgia,1122
453,Georgia,415
454,Georgia,334
455,Georgia,3128
456,Georgia,3485
457,Georgia,477
458,Georgia,239
459,Georgia,1403
460,Georgia,624
461,Georgia,1015
462,Georgia,419
463,Georgia,618
464,Georgia,1763
465,Georgia,3069
466,Georgia,3832
467,Georgia,735
468,Georgia,27247
469,Georgia,801
470,Georgia,38
471,Georgia,3428
472,Georgia,1812
473,Georgia,754
474,Georgia,498
475,Georgia,26931
476,Georgia,1585
477,Georgia,8949
478,Georgia,387
479,Georgia,454
480,Georgia,782
481,Georgia,492
482,Georgia,189
483,Georgia,5073
484,Georgia,3083
485,Georgia,288
486,Georgia,1914
487,Georgia,211
488,Georgia,708
489,Georgia,777
490,Georgia,403
491,Georgia,414
492,Georgia,538
493,Georgia,354
494,Georgia,296
495,Georgia,1609
496,Georgia,690
497,Georgia,1091
498,Georgia,213
499,Georgia,235
500,Georgia,3848
501,Georgia,894
502,Georgia,228
503,Georgia,678
504,Georgia,189
505,Georgia,582
506,Georgia,286
507,Georgia,537
508,Georgia,246
509,Georgia,780
510,Georgia,666
511,Georgia,293
512,Georgia,476
513,Georgia,804
514,Georgia,5920
515,Georgia,2552
516,Georgia,725
517,Georgia,324
518,Georgia,17364
519,Georgia,2739
520,Georgia,662
521,Georgia,611
522,Georgia,595
523,Georgia,316
524,Georgia,1429
525,Georgia,311
526,Georgia,678
527,Georgia,32
528,Georgia,327
529,Georgia,331
530,Georgia,6956
531,Georgia,1828
532,Georgia,104
533,Georgia,400
534,Georgia,347
535,Georgia,1305
536,Georgia,1030
537,Georgia,478
538,Georgia,927
539,Georgia,162
540,Georgia,21
541,Georgia,804
542,Georgia,207
543,Georgia,383
544,Georgia,327
545,Georgia,1468
546,Georgia,1735
547,Georgia,1284
548,Georgia,319
549,Georgia,250
550,Georgia,2776
551,Georgia,294
552,Georgia,186
553,Georgia,2263
554,Georgia,701
555,Georgia,764
556,Georgia,1496
557,Georgia,1758
558,Georgia,1475
559,Georgia,140
560,Georgia,657
561,Georgia,1100
562,Georgia,43
563,Georgia,326
564,Georgia,761
565,Georgia,4491
566,Georgia,247
567,Georgia,261
568,Georgia,333
569,Georgia,523
570,Grand Princess,103
571,Guam,2235
572,Hawaii,672
573,Hawaii,10546
574,Hawaii,0
575,Hawaii,57
576,Hawaii,386
577,Hawaii,28
578,Hawaii,0
579,Idaho,12520
580,Idaho,28
581,Idaho,942
582,Idaho,39
583,Idaho,139
584,Idaho,841
585,Idaho,642
586,Idaho,67
587,Idaho,309
588,Idaho,2558
589,Idaho,56
590,Idaho,27
591,Idaho,24
592,Idaho,8000
593,Idaho,101
594,Idaho,656
595,Idaho,32
596,Idaho,39
597,Idaho,60
598,Idaho,334
599,Idaho,101
600,Idaho,175
601,Idaho,294
602,Idaho,273
603,Idaho,186
604,Idaho,518
605,Idaho,738
606,Idaho,2542
607,Idaho,345
608,Idaho,83
609,Idaho,14
610,Idaho,88
611,Idaho,571
612,Idaho,648
613,Idaho,420
614,Idaho,23
615,Idaho,0
616,Idaho,324
617,Idaho,853
618,Idaho,218
619,Idaho,215
620,Idaho,151
621,Idaho,2109
622,Idaho,3
623,Idaho,88
624,Idaho,349
625,Illinois,1032
626,Illinois,73
627,Illinois,296
628,Illinois,1074
629,Illinois,43
630,Illinois,597
631,Illinois,47
632,Illinois,217
633,Illinois,389
634,Illinois,4472
635,Illinois,460
636,Illinois,154
637,Illinois,142
638,Illinois,1088
639,Illinois,1396
640,Illinois,140623
641,Illinois,400
642,Illinois,201
643,Illinois,104
644,Illinois,1484
645,Illinois,285
646,Illinois,16955
647,Illinois,111
648,Illinois,64
649,Illinois,836
650,Illinois,373
651,Illinois,99
652,Illinois,505
653,Illinois,153
654,Illinois,69
655,Illinois,216
656,Illinois,645
657,Illinois,67
658,Illinois,199
659,Illinois,37
660,Illinois,64
661,Illinois,636
662,Illinois,359
663,Illinois,1248
664,Illinois,202
665,Illinois,572
666,Illinois,385
667,Illinois,246
668,Illinois,148
669,Illinois,12790
670,Illinois,2676
671,Illinois,1947
672,Illinois,627
673,Illinois,1640
674,Illinois,16545
675,Illinois,251
676,Illinois,347
677,Illinois,348
678,Illinois,440
679,Illinois,1436
680,Illinois,515
681,Illinois,5463
682,Illinois,518
683,Illinois,98
684,Illinois,129
685,Illinois,97
686,Illinois,459
687,Illinois,4463
688,Illinois,3200
689,Illinois,120
690,Illinois,129
691,Illinois,639
692,Illinois,339
693,Illinois,628
694,Illinois,208
695,Illinois,651
696,Illinois,2
697,Illinois,3314
698,Illinois,342
699,Illinois,132
700,Illinois,113
701,Illinois,26
702,Illinois,161
703,Illinois,55
704,Illinois,926
705,Illinois,171
706,Illinois,2869
707,Illinois,299
708,Illinois,2290
709,Illinois,46
710,Illinois,75
711,Illinois,360
712,Illinois,6386
713,Illinois,53
714,Illinois,484
715,Illinois,1657
716,Illinois,2238
717,Illinois,507
718,Illinois,648
719,Illinois,147
720,Illinois,314
721,Illinois,198
722,Illinois,256
723,Illinois,161
724,Illinois,702
725,Illinois,13612
726,Illinois,1351
727,Illinois,5531
728,Illinois,408
729,Indiana,252
730,Indiana,6060
731,Indiana,1153
732,Indiana,88
733,Indiana,113
734,Indiana,956
735,Indiana,103
736,Indiana,271
737,Indiana,1933
738,Indiana,2157
739,Indiana,298
740,Indiana,595
741,Indiana,103
742,Indiana,654
743,Indiana,463
744,Indiana,639
745,Indiana,457
746,Indiana,1895
747,Indiana,959
748,Indiana,6438
749,Indiana,418
750,Indiana,1321
751,Indiana,120
752,Indiana,303
753,Indiana,235
754,Indiana,489
755,Indiana,897
756,Indiana,419
757,Indiana,4761
758,Indiana,914
759,Indiana,564
760,Indiana,2681
761,Indiana,781
762,Indiana,1290
763,Indiana,222
764,Indiana,742
765,Indiana,386
766,Indiana,175
767,Indiana,244
768,Indiana,312
769,Indiana,2279
770,Indiana,503
771,Indiana,1206
772,Indiana,632
773,Indiana,1382
774,Indiana,10334
775,Indiana,506
776,Indiana,1610
777,Indiana,20936
778,Indiana,994
779,Indiana,164
780,Indiana,430
781,Indiana,2512
782,Indiana,505
783,Indiana,706
784,Indiana,172
785,Indiana,894
786,Indiana,77
787,Indiana,286
788,Indiana,0
789,Indiana,167
790,Indiana,96
791,Indiana,215
792,Indiana,141
793,Indiana,2090
794,Indiana,309
795,Indiana,115
796,Indiana,538
797,Indiana,209
798,Indiana,282
799,Indiana,153
800,Indiana,359
801,Indiana,666
802,Indiana,222
803,Indiana,6226
804,Indiana,253
805,Indiana,374
806,Indiana,331
807,Indiana,69
808,Indiana,2312
809,Indiana,220
810,Indiana,0
811,Indiana,77
812,Indiana,3494
813,Indiana,126
814,Indiana,1785
815,Indiana,262
816,Indiana,39
817,Indiana,1223
818,Indiana,261
819,Indiana,747
820,Indiana,250
821,Indiana,482
822,Indiana,255
823,Iowa,68
824,Iowa,33
825,Iowa,252
826,Iowa,129
827,Iowa,74
828,Iowa,302
829,Iowa,4421
830,Iowa,493
831,Iowa,475
832,Iowa,262
833,Iowa,1959
834,Iowa,265
835,Iowa,179
836,Iowa,650
837,Iowa,148
838,Iowa,233
839,Iowa,1017
840,Iowa,222
841,Iowa,240
842,Iowa,262
843,Iowa,309
844,Iowa,237
845,Iowa,1092
846,Iowa,1042
847,Iowa,2741
848,Iowa,122
849,Iowa,66
850,Iowa,365
851,Iowa,751
852,Iowa,503
853,Iowa,2985
854,Iowa,254
855,Iowa,205
856,Iowa,310
857,Iowa,346
858,Iowa,104
859,Iowa,99
860,Iowa,218
861,Iowa,240
862,Iowa,323
863,Iowa,177
864,Iowa,293
865,Iowa,196
866,Iowa,655
867,Iowa,185
868,Iowa,183
869,Iowa,110
870,Iowa,197
871,Iowa,317
872,Iowa,802
873,Iowa,135
874,Iowa,5073
875,Iowa,258
876,Iowa,101
877,Iowa,249
878,Iowa,613
879,Iowa,3878
880,Iowa,426
881,Iowa,153
882,Iowa,280
883,Iowa,209
884,Iowa,368
885,Iowa,746
886,Iowa,1768
887,Iowa,173
888,Iowa,186
889,Iowa,144
890,Iowa,153
891,Iowa,90
892,Iowa,1090
893,Iowa,334
894,Iowa,146
895,Iowa,0
896,Iowa,150
897,Iowa,172
898,Iowa,1091
899,Iowa,156
900,Iowa,15571
901,Iowa,2033
902,Iowa,270
903,Iowa,48
904,Iowa,232
905,Iowa,2875
906,Iowa,250
907,Iowa,1469
908,Iowa,3369
909,Iowa,699
910,Iowa,127
911,Iowa,4
912,Iowa,126
913,Iowa,112
914,Iowa,1296
915,Iowa,945
916,Iowa,449
917,Iowa,84
918,Iowa,1213
919,Iowa,284
920,Iowa,315
921,Iowa,5173
922,Iowa,104
923,Iowa,570
924,Kansas,33
925,Kansas,69
926,Kansas,307
927,Kansas,6
928,Kansas,447
929,Kansas,148
930,Kansas,113
931,Kansas,518
932,Kansas,81
933,Kansas,13
934,Kansas,474
935,Kansas,58
936,Kansas,48
937,Kansas,47
938,Kansas,64
939,Kansas,108
940,Kansas,11
941,Kansas,346
942,Kansas,978
943,Kansas,21
944,Kansas,161
945,Kansas,105
946,Kansas,2138
947,Kansas,47
948,Kansas,1
949,Kansas,926
950,Kansas,32
951,Kansas,2072
952,Kansas,2718
953,Kansas,328
954,Kansas,290
955,Kansas,33
956,Kansas,37
957,Kansas,254
958,Kansas,122
959,Kansas,7
960,Kansas,47
961,Kansas,43
962,Kansas,120
963,Kansas,346
964,Kansas,103
965,Kansas,22
966,Kansas,237
967,Kansas,185
968,Kansas,16
969,Kansas,10411
970,Kansas,82
971,Kansas,78
972,Kansas,24
973,Kansas,233
974,Kansas,13
975,Kansas,1965
976,Kansas,12
977,Kansas,70
978,Kansas,7
979,Kansas,1097
980,Kansas,72
981,Kansas,20
982,Kansas,277
983,Kansas,108
984,Kansas,357
985,Kansas,45
986,Kansas,386
987,Kansas,29
988,Kansas,15
989,Kansas,92
990,Kansas,166
991,Kansas,70
992,Kansas,30
993,Kansas,96
994,Kansas,5
995,Kansas,52
996,Kansas,0
997,Kansas,414
998,Kansas,111
999,Kansas,230
1000,Kansas,69
1001,Kansas,8
1002,Kansas,1018
1003,Kansas,48
1004,Kansas,73
1005,Kansas,1734
1006,Kansas,61
1007,Kansas,42
1008,Kansas,83
1009,Kansas,697
1010,Kansas,107
1011,Kansas,8173
1012,Kansas,1661
1013,Kansas,2644
1014,Kansas,13
1015,Kansas,30
1016,Kansas,6
1017,Kansas,56
1018,Kansas,48
1019,Kansas,128
1020,Kansas,183
1021,Kansas,126
1022,Kansas,53
1023,Kansas,0
1024,Kansas,67
1025,Kansas,17
1026,Kansas,17
1027,Kansas,6
1028,Kansas,59
1029,Kansas,15
1030,Kansas,6757
1031,Kentucky,307
1032,Kentucky,315
1033,Kentucky,150
1034,Kentucky,54
1035,Kentucky,711
1036,Kentucky,87
1037,Kentucky,482
1038,Kentucky,1540
1039,Kentucky,178
1040,Kentucky,412
1041,Kentucky,266
1042,Kentucky,40
1043,Kentucky,84
1044,Kentucky,126
1045,Kentucky,844
1046,Kentucky,337
1047,Kentucky,147
1048,Kentucky,552
1049,Kentucky,851
1050,Kentucky,77
1051,Kentucky,196
1052,Kentucky,165
1053,Kentucky,269
1054,Kentucky,1195
1055,Kentucky,305
1056,Kentucky,305
1057,Kentucky,111
1058,Kentucky,121
1059,Kentucky,100
1060,Kentucky,1320
1061,Kentucky,131
1062,Kentucky,38
1063,Kentucky,142
1064,Kentucky,5729
1065,Kentucky,82
1066,Kentucky,176
1067,Kentucky,606
1068,Kentucky,142
1069,Kentucky,98
1070,Kentucky,152
1071,Kentucky,158
1072,Kentucky,727
1073,Kentucky,382
1074,Kentucky,259
1075,Kentucky,378
1076,Kentucky,79
1077,Kentucky,1254
1078,Kentucky,367
1079,Kentucky,171
1080,Kentucky,169
1081,Kentucky,686
1082,Kentucky,187
1083,Kentucky,75
1084,Kentucky,612
1085,Kentucky,354
1086,Kentucky,14882
1087,Kentucky,581
1088,Kentucky,147
1089,Kentucky,1978
1090,Kentucky,177
1091,Kentucky,465
1092,Kentucky,112
1093,Kentucky,802
1094,Kentucky,55
1095,Kentucky,18
1096,Kentucky,66
1097,Kentucky,125
1098,Kentucky,222
1099,Kentucky,183
1100,Kentucky,84
1101,Kentucky,540
1102,Kentucky,67
1103,Kentucky,1681
1104,Kentucky,80
1105,Kentucky,218
1106,Kentucky,285
1107,Kentucky,75
1108,Kentucky,122
1109,Kentucky,698
1110,Kentucky,144
1111,Kentucky,74
1112,Kentucky,202
1113,Kentucky,44
1114,Kentucky,203
1115,Kentucky,110
1116,Kentucky,204
1117,Kentucky,267
1118,Kentucky,53
1119,Kentucky,755
1120,Kentucky,488
1121,Kentucky,31
1122,Kentucky,444
1123,Kentucky,1088
1124,Kentucky,0
1125,Kentucky,97
1126,Kentucky,37
1127,Kentucky,92
1128,Kentucky,329
1129,Kentucky,395
1130,Kentucky,92
1131,Kentucky,761
1132,Kentucky,12
1133,Kentucky,168
1134,Kentucky,209
1135,Kentucky,244
1136,Kentucky,734
1137,Kentucky,1040
1138,Kentucky,270
1139,Kentucky,198
1140,Kentucky,287
1141,Kentucky,181
1142,Kentucky,170
1143,Kentucky,59
1144,Kentucky,0
1145,Kentucky,306
1146,Kentucky,4224
1147,Kentucky,143
1148,Kentucky,136
1149,Kentucky,157
1150,Kentucky,314
1151,Kentucky,31
1152,Kentucky,258
1153,Louisiana,2933
1154,Louisiana,1545
1155,Louisiana,3704
1156,Louisiana,758
1157,Louisiana,1491
1158,Louisiana,984
1159,Louisiana,473
1160,Louisiana,3181
1161,Louisiana,8360
1162,Louisiana,7794
1163,Louisiana,300
1164,Louisiana,225
1165,Louisiana,432
1166,Louisiana,502
1167,Louisiana,508
1168,Louisiana,893
1169,Louisiana,14983
1170,Louisiana,542
1171,Louisiana,1723
1172,Louisiana,1306
1173,Louisiana,1193
1174,Louisiana,486
1175,Louisiana,2898
1176,Louisiana,1407
1177,Louisiana,632
1178,Louisiana,17386
1179,Louisiana,1225
1180,Louisiana,421
1181,Louisiana,8875
1182,Louisiana,3599
1183,Louisiana,1199
1184,Louisiana,3730
1185,Louisiana,866
1186,Louisiana,770
1187,Louisiana,1103
1188,Louisiana,12436
1189,Louisiana,6122
1190,Louisiana,0
1191,Louisiana,666
1192,Louisiana,1053
1193,Louisiana,4140
1194,Louisiana,351
1195,Louisiana,749
1196,Louisiana,840
1197,Louisiana,1383
1198,Louisiana,1777
1199,Louisiana,410
1200,Louisiana,808
1201,Louisiana,1576
1202,Louisiana,3272
1203,Louisiana,2081
1204,Louisiana,1901
1205,Louisiana,6858
1206,Louisiana,4416
1207,Louisiana,159
1208,Louisiana,3603
1209,Louisiana,193
1210,Louisiana,959
1211,Louisiana,2028
1212,Louisiana,1042
1213,Louisiana,1608
1214,Louisiana,1217
1215,Louisiana,900
1216,Louisiana,343
1217,Louisiana,711
1218,Louisiana,616
1219,Maine,693
1220,Maine,43
1221,Maine,2290
1222,Maine,60
1223,Maine,53
1224,Maine,207
1225,Maine,36
1226,Maine,41
1227,Maine,0
1228,Maine,132
1229,Maine,252
1230,Maine,9
1231,Maine,65
1232,Maine,85
1233,Maine,0
1234,Maine,73
1235,Maine,16
1236,Maine,1115
1237,Maryland,454
1238,Maryland,9759
1239,Maryland,17579
1240,Maryland,15329
1241,Maryland,920
1242,Maryland,638
1243,Maryland,1920
1244,Maryland,1025
1245,Maryland,2725
1246,Maryland,578
1247,Maryland,3958
1248,Maryland,72
1249,Maryland,2945
1250,Maryland,4983
1251,Maryland,298
1252,Maryland,22002
1253,Maryland,0
1254,Maryland,28784
1255,Maryland,645
1256,Maryland,251
1257,Maryland,1259
1258,Maryland,543
1259,Maryland,0
1260,Maryland,1691
1261,Maryland,1919
1262,Maryland,1020
1263,Massachusetts,1722
1264,Massachusetts,706
1265,Massachusetts,9858
1266,Massachusetts,0
1267,Massachusetts,151
1268,Massachusetts,19305
1269,Massachusetts,404
1270,Massachusetts,8075
1271,Massachusetts,1208
1272,Massachusetts,26943
1273,Massachusetts,0
1274,Massachusetts,10107
1275,Massachusetts,0
1276,Massachusetts,9567
1277,Massachusetts,23891
1278,Massachusetts,2416
1279,Massachusetts,14159
1280,Michigan,41
1281,Michigan,19
1282,Michigan,743
1283,Michigan,151
1284,Michigan,68
1285,Michigan,69
1286,Michigan,20
1287,Michigan,283
1288,Michigan,985
1289,Michigan,80
1290,Michigan,1832
1291,Michigan,594
1292,Michigan,1265
1293,Michigan,547
1294,Michigan,101
1295,Michigan,90
1296,Michigan,76
1297,Michigan,112
1298,Michigan,658
1299,Michigan,123
1300,Michigan,327
1301,Michigan,114
1302,Michigan,634
1303,Michigan,156
1304,Michigan,195
1305,Michigan,4393
1306,Michigan,91
1307,Michigan,156
1308,Michigan,467
1309,Michigan,262
1310,Michigan,334
1311,Michigan,388
1312,Michigan,219
1313,Michigan,3362
1314,Michigan,350
1315,Michigan,209
1316,Michigan,114
1317,Michigan,683
1318,Michigan,1037
1319,Michigan,2707
1320,Michigan,82
1321,Michigan,9594
1322,Michigan,8
1323,Michigan,32
1324,Michigan,593
1325,Michigan,111
1326,Michigan,787
1327,Michigan,1335
1328,Michigan,12
1329,Michigan,57
1330,Michigan,14229
1331,Michigan,71
1332,Michigan,341
1333,Michigan,136
1334,Michigan,195
1335,Michigan,339
1336,Michigan,5589
1337,Michigan,585
1338,Michigan,59
1339,Michigan,1486
1340,Michigan,304
1341,Michigan,14
1342,Michigan,1475
1343,Michigan,339
1344,Michigan,20235
1345,Michigan,514
1346,Michigan,65
1347,Michigan,42
1348,Michigan,93
1349,Michigan,30
1350,Michigan,172
1351,Michigan,3296
1352,Michigan,206
1353,Michigan,26
1354,Michigan,93
1355,Michigan,2894
1356,Michigan,147
1357,Michigan,24
1358,Michigan,499
1359,Michigan,980
1360,Michigan,735
1361,Michigan,497
1362,Michigan,18
1363,Michigan,744
1364,Michigan,3419
1365,Michigan,34582
1366,Michigan,120
1367,Minnesota,74
1368,Minnesota,5870
1369,Minnesota,257
1370,Minnesota,388
1371,Minnesota,522
1372,Minnesota,73
1373,Minnesota,1632
1374,Minnesota,182
1375,Minnesota,246
1376,Minnesota,1375
1377,Minnesota,142
1378,Minnesota,203
1379,Minnesota,466
1380,Minnesota,1316
1381,Minnesota,26
1382,Minnesota,6
1383,Minnesota,219
1384,Minnesota,464
1385,Minnesota,7280
1386,Minnesota,214
1387,Minnesota,278
1388,Minnesota,132
1389,Minnesota,111
1390,Minnesota,529
1391,Minnesota,344
1392,Minnesota,59
1393,Minnesota,26264
1394,Minnesota,117
1395,Minnesota,88
1396,Minnesota,271
1397,Minnesota,299
1398,Minnesota,137
1399,Minnesota,116
1400,Minnesota,955
1401,Minnesota,12
1402,Minnesota,117
1403,Minnesota,47
1404,Minnesota,57
1405,Minnesota,21
1406,Minnesota,446
1407,Minnesota,105
1408,Minnesota,661
1409,Minnesota,46
1410,Minnesota,50
1411,Minnesota,357
1412,Minnesota,470
1413,Minnesota,189
1414,Minnesota,153
1415,Minnesota,216
1416,Minnesota,1308
1417,Minnesota,156
1418,Minnesota,515
1419,Minnesota,1943
1420,Minnesota,52
1421,Minnesota,2346
1422,Minnesota,407
1423,Minnesota,0
1424,Minnesota,115
1425,Minnesota,307
1426,Minnesota,216
1427,Minnesota,294
1428,Minnesota,90
1429,Minnesota,10635
1430,Minnesota,40
1431,Minnesota,151
1432,Minnesota,136
1433,Minnesota,1311
1434,Minnesota,162
1435,Minnesota,117
1436,Minnesota,2487
1437,Minnesota,1114
1438,Minnesota,189
1439,Minnesota,1451
1440,Minnesota,3865
1441,Minnesota,530
1442,Minnesota,94
1443,Minnesota,123
1444,Minnesota,483
1445,Minnesota,29
1446,Minnesota,218
1447,Minnesota,180
1448,Minnesota,67
1449,Minnesota,566
1450,Minnesota,3652
1451,Minnesota,514
1452,Minnesota,58
1453,Minnesota,855
1454,Minnesota,1553
1455,Minnesota,169
1456,Mississippi,926
1457,Mississippi,786
1458,Mississippi,321
1459,Mississippi,653
1460,Mississippi,223
1461,Mississippi,1813
1462,Mississippi,508
1463,Mississippi,314
1464,Mississippi,667
1465,Mississippi,181
1466,Mississippi,459
1467,Mississippi,570
1468,Mississippi,585
1469,Mississippi,1144
1470,Mississippi,1166
1471,Mississippi,813
1472,Mississippi,5477
1473,Mississippi,2425
1474,Mississippi,192
1475,Mississippi,759
1476,Mississippi,359
1477,Mississippi,1072
1478,Mississippi,572
1479,Mississippi,3805
1480,Mississippi,7032
1481,Mississippi,1095
1482,Mississippi,375
1483,Mississippi,104
1484,Mississippi,787
1485,Mississippi,3430
1486,Mississippi,562
1487,Mississippi,244
1488,Mississippi,335
1489,Mississippi,2452
1490,Mississippi,288
1491,Mississippi,2137
1492,Mississippi,1655
1493,Mississippi,2038
1494,Mississippi,429
1495,Mississippi,946
1496,Mississippi,2654
1497,Mississippi,1383
1498,Mississippi,1075
1499,Mississippi,1449
1500,Mississippi,3233
1501,Mississippi,845
1502,Mississippi,1085
1503,Mississippi,1207
1504,Mississippi,458
1505,Mississippi,1556
1506,Mississippi,767
1507,Mississippi,546
1508,Mississippi,1763
1509,Mississippi,0
1510,Mississippi,1455
1511,Mississippi,870
1512,Mississippi,416
1513,Mississippi,1224
1514,Mississippi,1249
1515,Mississippi,834
1516,Mississippi,373
1517,Mississippi,3225
1518,Mississippi,1171
1519,Mississippi,265
1520,Mississippi,1018
1521,Mississippi,529
1522,Mississippi,365
1523,Mississippi,1439
1524,Mississippi,764
1525,Mississippi,962
1526,Mississippi,654
1527,Mississippi,667
1528,Mississippi,482
1529,Mississippi,0
1530,Mississippi,988
1531,Mississippi,595
1532,Mississippi,1384
1533,Mississippi,2197
1534,Mississippi,888
1535,Mississippi,333
1536,Mississippi,302
1537,Mississippi,735
1538,Mississippi,423
1539,Mississippi,1046
1540,Missouri,326
1541,Missouri,238
1542,Missouri,50
1543,Missouri,413
1544,Missouri,460
1545,Missouri,178
1546,Missouri,101
1547,Missouri,275
1548,Missouri,322
1549,Missouri,4504
1550,Missouri,1834
1551,Missouri,610
1552,Missouri,79
1553,Missouri,602
1554,Missouri,884
1555,Missouri,1588
1556,Missouri,137
1557,Missouri,87
1558,Missouri,1434
1559,Missouri,95
1560,Missouri,44
1561,Missouri,1314
1562,Missouri,61
1563,Missouri,1760
1564,Missouri,210
1565,Missouri,1434
1566,Missouri,404
1567,Missouri,369
1568,Missouri,54
1569,Missouri,182
1570,Missouri,98
1571,Missouri,126
1572,Missouri,132
1573,Missouri,174
1574,Missouri,764
1575,Missouri,1610
1576,Missouri,158
1577,Missouri,121
1578,Missouri,5701
1579,Missouri,181
1580,Missouri,103
1581,Missouri,178
1582,Missouri,88
1583,Missouri,75
1584,Missouri,167
1585,Missouri,556
1586,Missouri,57
1587,Missouri,7064
1588,Missouri,3634
1589,Missouri,4021
1590,Missouri,1046
1591,Missouri,10823
1592,Missouri,49
1593,Missouri,584
1594,Missouri,486
1595,Missouri,571
1596,Missouri,81
1597,Missouri,733
1598,Missouri,67
1599,Missouri,391
1600,Missouri,149
1601,Missouri,285
1602,Missouri,74
1603,Missouri,643
1604,Missouri,1052
1605,Missouri,28
1606,Missouri,463
1607,Missouri,291
1608,Missouri,289
1609,Missouri,86
1610,Missouri,82
1611,Missouri,315
1612,Missouri,511
1613,Missouri,1407
1614,Missouri,729
1615,Missouri,102
1616,Missouri,136
1617,Missouri,0
1618,Missouri,117
1619,Missouri,497
1620,Missouri,610
1621,Missouri,1065
1622,Missouri,440
1623,Missouri,233
1624,Missouri,656
1625,Missouri,503
1626,Missouri,612
1627,Missouri,33
1628,Missouri,145
1629,Missouri,227
1630,Missouri,159
1631,Missouri,38
1632,Missouri,153
1633,Missouri,693
1634,Missouri,22
1635,Missouri,31
1636,Missouri,837
1637,Missouri,89
1638,Missouri,61
1639,Missouri,7399
1640,Missouri,57
1641,Missouri,1959
1642,Missouri,23297
1643,Missouri,6934
1644,Missouri,187
1645,Missouri,478
1646,Missouri,418
1647,Missouri,185
1648,Missouri,1157
1649,Missouri,298
1650,Missouri,0
1651,Missouri,167
1652,Missouri,460
1653,Missouri,367
1654,Missouri,200
1655,Missouri,593
1656,Missouri,20
1657,Missouri,278
1658,Montana,78
1659,Montana,866
1660,Montana,21
1661,Montana,17
1662,Montana,115
1663,Montana,0
1664,Montana,624
1665,Montana,26
1666,Montana,110
1667,Montana,5
1668,Montana,76
1669,Montana,114
1670,Montana,5
1671,Montana,60
1672,Montana,923
1673,Montana,1247
1674,Montana,16
1675,Montana,208
1676,Montana,3
1677,Montana,22
1678,Montana,143
1679,Montana,67
1680,Montana,6
1681,Montana,260
1682,Montana,235
1683,Montana,16
1684,Montana,106
1685,Montana,97
1686,Montana,19
1687,Montana,25
1688,Montana,2
1689,Montana,584
1690,Montana,35
1691,Montana,0
1692,Montana,92
1693,Montana,0
1694,Montana,119
1695,Montana,23
1696,Montana,5
1697,Montana,10
1698,Montana,1
1699,Montana,129
1700,Montana,77
1701,Montana,213
1702,Montana,614
1703,Montana,45
1704,Montana,13
1705,Montana,241
1706,Montana,56
1707,Montana,40
1708,Montana,21
1709,Montana,71
1710,Montana,3
1711,Montana,0
1712,Montana,61
1713,Montana,11
1714,Montana,9
1715,Montana,2927
1716,Nebraska,520
1717,Nebraska,65
1718,Nebraska,1
1719,Nebraska,2
1720,Nebraska,0
1721,Nebraska,73
1722,Nebraska,70
1723,Nebraska,19
1724,Nebraska,26
1725,Nebraska,1014
1726,Nebraska,76
1727,Nebraska,111
1728,Nebraska,319
1729,Nebraska,80
1730,Nebraska,23
1731,Nebraska,46
1732,Nebraska,36
1733,Nebraska,71
1734,Nebraska,767
1735,Nebraska,124
1736,Nebraska,83
1737,Nebraska,2176
1738,Nebraska,119
1739,Nebraska,1071
1740,Nebraska,4
1741,Nebraska,85
1742,Nebraska,1123
1743,Nebraska,15495
1744,Nebraska,11
1745,Nebraska,54
1746,Nebraska,24
1747,Nebraska,7
1748,Nebraska,38
1749,Nebraska,212
1750,Nebraska,9
1751,Nebraska,8
1752,Nebraska,34
1753,Nebraska,1
1754,Nebraska,25
1755,Nebraska,1979
1756,Nebraska,126
1757,Nebraska,19
1758,Nebraska,0
1759,Nebraska,4
1760,Nebraska,63
1761,Nebraska,7
1762,Nebraska,94
1763,Nebraska,28
1764,Nebraska,42
1765,Nebraska,139
1766,Nebraska,62
1767,Nebraska,4
1768,Nebraska,15
1769,Nebraska,152
1770,Nebraska,5906
1771,Nebraska,362
1772,Nebraska,6
1773,Nebraska,3
1774,Nebraska,800
1775,Nebraska,6
1776,Nebraska,81
1777,Nebraska,76
1778,Nebraska,39
1779,Nebraska,119
1780,Nebraska,15
1781,Nebraska,144
1782,Nebraska,0
1783,Nebraska,17
1784,Nebraska,34
1785,Nebraska,106
1786,Nebraska,101
1787,Nebraska,1043
1788,Nebraska,54
1789,Nebraska,30
1790,Nebraska,53
1791,Nebraska,40
1792,Nebraska,709
1793,Nebraska,3489
1794,Nebraska,436
1795,Nebraska,407
1796,Nebraska,216
1797,Nebraska,48
1798,Nebraska,23
1799,Nebraska,7
1800,Nebraska,39
1801,Nebraska,29
1802,Nebraska,5
1803,Nebraska,247
1804,Nebraska,246
1805,Nebraska,30
1806,Nebraska,253
1807,Nebraska,126
1808,Nebraska,17
1809,Nebraska,1
1810,Nebraska,159
1811,Nevada,529
1812,Nevada,139
1813,Nevada,64895
1814,Nevada,296
1815,Nevada,925
1816,Nevada,0
1817,Nevada,10
1818,Nevada,121
1819,Nevada,70
1820,Nevada,7
1821,Nevada,420
1822,Nevada,13
1823,Nevada,498
1824,Nevada,0
1825,Nevada,21
1826,Nevada,9
1827,Nevada,0
1828,Nevada,8797
1829,Nevada,57
1830,New Hampshire,146
1831,New Hampshire,122
1832,New Hampshire,143
1833,New Hampshire,22
1834,New Hampshire,137
1835,New Hampshire,4310
1836,New Hampshire,565
1837,New Hampshire,0
1838,New Hampshire,1992
1839,New Hampshire,515
1840,New Hampshire,52
1841,New Hampshire,3
1842,New Jersey,3990
1843,New Jersey,22276
1844,New Jersey,7006
1845,New Jersey,9765
1846,New Jersey,1008
1847,New Jersey,3757
1848,New Jersey,20898
1849,New Jersey,4389
1850,New Jersey,20547
1851,New Jersey,1296
1852,New Jersey,8596
1853,New Jersey,19210
1854,New Jersey,11605
1855,New Jersey,7795
1856,New Jersey,12436
1857,New Jersey,0
1858,New Jersey,18877
1859,New Jersey,1052
1860,New Jersey,5725
1861,New Jersey,1461
1862,New Jersey,346
1863,New Jersey,17517
1864,New Jersey,1436
1865,New Mexico,6270
1866,New Mexico,9
1867,New Mexico,1066
1868,New Mexico,413
1869,New Mexico,29
1870,New Mexico,759
1871,New Mexico,1
1872,New Mexico,3198
1873,New Mexico,735
1874,New Mexico,112
1875,New Mexico,34
1876,New Mexico,2
1877,New Mexico,99
1878,New Mexico,1349
1879,New Mexico,196
1880,New Mexico,32
1881,New Mexico,411
1882,New Mexico,4304
1883,New Mexico,7
1884,New Mexico,251
1885,New Mexico,0
1886,New Mexico,74
1887,New Mexico,386
1888,New Mexico,275
1889,New Mexico,3280
1890,New Mexico,103
1891,New Mexico,1320
1892,New Mexico,961
1893,New Mexico,44
1894,New Mexico,97
1895,New Mexico,133
1896,New Mexico,66
1897,New Mexico,1373
1898,New Mexico,31
1899,New Mexico,567
1900,New York,3043
1901,New York,99
1902,New York,52710
1903,New York,1480
1904,New York,258
1905,New York,204
1906,New York,551
1907,New York,361
1908,New York,248
1909,New York,156
1910,New York,585
1911,New York,164
1912,New York,132
1913,New York,5089
1914,New York,11112
1915,New York,161
1916,New York,65
1917,New York,332
1918,New York,317
1919,New York,321
1920,New York,15
1921,New York,327
1922,New York,164
1923,New York,67510
1924,New York,50
1925,New York,202
1926,New York,489
1927,New York,5940
1928,New York,230
1929,New York,46388
1930,New York,33187
1931,New York,1741
1932,New York,2387
1933,New York,4270
1934,New York,466
1935,New York,11851
1936,New York,325
1937,New York,468
1938,New York,333
1939,New York,0
1940,New York,1587
1941,New York,71881
1942,New York,902
1943,New York,15799
1944,New York,14954
1945,New York,1014
1946,New York,1388
1947,New York,83
1948,New York,40
1949,New York,105
1950,New York,320
1951,New York,366
1952,New York,46208
1953,New York,1576
1954,New York,225
1955,New York,405
1956,New York,2244
1957,New York,0
1958,New York,366
1959,New York,289
1960,New York,312
1961,New York,37903
1962,New York,132
1963,New York,62
1964,North Carolina,3793
1965,North Carolina,495
1966,North Carolina,220
1967,North Carolina,558
1968,North Carolina,252
1969,North Carolina,330
1970,North Carolina,869
1971,North Carolina,555
1972,North Carolina,831
1973,North Carolina,1555
1974,North Carolina,2923
1975,North Carolina,2033
1976,North Carolina,3836
1977,North Carolina,1581
1978,North Carolina,111
1979,North Carolina,621
1980,North Carolina,325
1981,North Carolina,3014
1982,North Carolina,1618
1983,North Carolina,587
1984,North Carolina,320
1985,North Carolina,113
1986,North Carolina,2095
1987,North Carolina,1328
1988,North Carolina,1307
1989,North Carolina,5238
1990,North Carolina,177
1991,North Carolina,265
1992,North Carolina,2651
1993,North Carolina,537
1994,North Carolina,2152
1995,North Carolina,7589
1996,North Carolina,1289
1997,North Carolina,6886
1998,North Carolina,1199
1999,North Carolina,4923
2000,North Carolina,134
2001,North Carolina,128
2002,North Carolina,1704
2003,North Carolina,507
2004,North Carolina,8244
2005,North Carolina,980
2006,North Carolina,2104
2007,North Carolina,587
2008,North Carolina,1927
2009,North Carolina,718
2010,North Carolina,1088
2011,North Carolina,124
2012,North Carolina,2708
2013,North Carolina,538
2014,North Carolina,4270
2015,North Carolina,148
2016,North Carolina,1588
2017,North Carolina,946
2018,North Carolina,1513
2019,North Carolina,585
2020,North Carolina,91
2021,North Carolina,428
2022,North Carolina,886
2023,North Carolina,27768
2024,North Carolina,104
2025,North Carolina,1029
2026,North Carolina,1540
2027,North Carolina,2233
2028,North Carolina,3949
2029,North Carolina,412
2030,North Carolina,1899
2031,North Carolina,2603
2032,North Carolina,0
2033,North Carolina,235
2034,North Carolina,688
2035,North Carolina,909
2036,North Carolina,179
2037,North Carolina,417
2038,North Carolina,4640
2039,North Carolina,260
2040,North Carolina,2696
2041,North Carolina,940
2042,North Carolina,4273
2043,North Carolina,1170
2044,North Carolina,3224
2045,North Carolina,1135
2046,North Carolina,1769
2047,North Carolina,984
2048,North Carolina,1840
2049,North Carolina,414
2050,North Carolina,1279
2051,North Carolina,139
2052,North Carolina,319
2053,North Carolina,113
2054,North Carolina,0
2055,North Carolina,4629
2056,North Carolina,1026
2057,North Carolina,17070
2058,North Carolina,325
2059,North Carolina,201
2060,North Carolina,613
2061,North Carolina,3217
2062,North Carolina,1175
2063,North Carolina,2128
2064,North Carolina,716
2065,North Carolina,118
2066,North Dakota,19
2067,North Dakota,215
2068,North Dakota,325
2069,North Dakota,15
2070,North Dakota,52
2071,North Dakota,34
2072,North Dakota,31
2073,North Dakota,3280
2074,North Dakota,4849
2075,North Dakota,53
2076,North Dakota,52
2077,North Dakota,6
2078,North Dakota,96
2079,North Dakota,68
2080,North Dakota,133
2081,North Dakota,59
2082,North Dakota,41
2083,North Dakota,2119
2084,North Dakota,15
2085,North Dakota,56
2086,North Dakota,55
2087,North Dakota,43
2088,North Dakota,47
2089,North Dakota,40
2090,North Dakota,58
2091,North Dakota,61
2092,North Dakota,201
2093,North Dakota,257
2094,North Dakota,125
2095,North Dakota,1155
2096,North Dakota,233
2097,North Dakota,44
2098,North Dakota,20
2099,North Dakota,0
2100,North Dakota,63
2101,North Dakota,31
2102,North Dakota,192
2103,North Dakota,75
2104,North Dakota,46
2105,North Dakota,217
2106,North Dakota,168
2107,North Dakota,58
2108,North Dakota,9
2109,North Dakota,144
2110,North Dakota,7
2111,North Dakota,1391
2112,North Dakota,28
2113,North Dakota,499
2114,North Dakota,16
2115,North Dakota,107
2116,North Dakota,0
2117,North Dakota,174
2118,North Dakota,961
2119,North Dakota,33
2120,North Dakota,905
2121,Northern Mariana Islands,69
2122,Ohio,126
2123,Ohio,1393
2124,Ohio,231
2125,Ohio,653
2126,Ohio,636
2127,Ohio,576
2128,Ohio,714
2129,Ohio,283
2130,Ohio,5771
2131,Ohio,151
2132,Ohio,300
2133,Ohio,1764
2134,Ohio,1665
2135,Ohio,284
2136,Ohio,1923
2137,Ohio,232
2138,Ohio,228
2139,Ohio,17262
2140,Ohio,780
2141,Ohio,286
2142,Ohio,2188
2143,Ohio,926
2144,Ohio,2058
2145,Ohio,227
2146,Ohio,26393
2147,Ohio,239
2148,Ohio,188
2149,Ohio,709
2150,Ohio,1397
2151,Ohio,160
2152,Ohio,12913
2153,Ohio,676
2154,Ohio,252
2155,Ohio,62
2156,Ohio,307
2157,Ohio,222
2158,Ohio,161
2159,Ohio,378
2160,Ohio,538
2161,Ohio,241
2162,Ohio,333
2163,Ohio,282
2164,Ohio,1596
2165,Ohio,627
2166,Ohio,1883
2167,Ohio,305
2168,Ohio,2293
2169,Ohio,7205
2170,Ohio,792
2171,Ohio,3014
2172,Ohio,3075
2173,Ohio,1442
2174,Ohio,174
2175,Ohio,1085
2176,Ohio,1394
2177,Ohio,110
2178,Ohio,7623
2179,Ohio,47
2180,Ohio,255
2181,Ohio,386
2182,Ohio,27
2183,Ohio,466
2184,Ohio,0
2185,Ohio,106
2186,Ohio,292
2187,Ohio,2641
2188,Ohio,174
2189,Ohio,1110
2190,Ohio,425
2191,Ohio,568
2192,Ohio,815
2193,Ohio,865
2194,Ohio,558
2195,Ohio,482
2196,Ohio,464
2197,Ohio,597
2198,Ohio,2790
2199,Ohio,5202
2200,Ohio,1861
2201,Ohio,920
2202,Ohio,0
2203,Ohio,509
2204,Ohio,114
2205,Ohio,45
2206,Ohio,2978
2207,Ohio,255
2208,Ohio,913
2209,Ohio,205
2210,Ohio,1752
2211,Ohio,205
2212,Oklahoma,599
2213,Oklahoma,62
2214,Oklahoma,289
2215,Oklahoma,50
2216,Oklahoma,349
2217,Oklahoma,117
2218,Oklahoma,890
2219,Oklahoma,727
2220,Oklahoma,2087
2221,Oklahoma,528
2222,Oklahoma,1042
2223,Oklahoma,304
2224,Oklahoma,24
2225,Oklahoma,5782
2226,Oklahoma,71
2227,Oklahoma,1531
2228,Oklahoma,67
2229,Oklahoma,494
2230,Oklahoma,1095
2231,Oklahoma,583
2232,Oklahoma,705
2233,Oklahoma,63
2234,Oklahoma,10
2235,Oklahoma,1552
2236,Oklahoma,349
2237,Oklahoma,972
2238,Oklahoma,41
2239,Oklahoma,106
2240,Oklahoma,43
2241,Oklahoma,27
2242,Oklahoma,270
2243,Oklahoma,289
2244,Oklahoma,729
2245,Oklahoma,42
2246,Oklahoma,153
2247,Oklahoma,544
2248,Oklahoma,330
2249,Oklahoma,71
2250,Oklahoma,133
2251,Oklahoma,1046
2252,Oklahoma,408
2253,Oklahoma,433
2254,Oklahoma,169
2255,Oklahoma,78
2256,Oklahoma,178
2257,Oklahoma,565
2258,Oklahoma,809
2259,Oklahoma,1247
2260,Oklahoma,298
2261,Oklahoma,127
2262,Oklahoma,1731
2263,Oklahoma,142
2264,Oklahoma,135
2265,Oklahoma,133
2266,Oklahoma,17135
2267,Oklahoma,795
2268,Oklahoma,804
2269,Oklahoma,819
2270,Oklahoma,0
2271,Oklahoma,247
2272,Oklahoma,2101
2273,Oklahoma,901
2274,Oklahoma,370
2275,Oklahoma,1256
2276,Oklahoma,149
2277,Oklahoma,42
2278,Oklahoma,1757
2279,Oklahoma,423
2280,Oklahoma,826
2281,Oklahoma,393
2282,Oklahoma,1455
2283,Oklahoma,87
2284,Oklahoma,16363
2285,Oklahoma,54
2286,Oklahoma,1430
2287,Oklahoma,967
2288,Oklahoma,68
2289,Oklahoma,99
2290,Oklahoma,1001
2291,Oregon,91
2292,Oregon,288
2293,Oregon,2314
2294,Oregon,127
2295,Oregon,155
2296,Oregon,147
2297,Oregon,61
2298,Oregon,31
2299,Oregon,789
2300,Oregon,221
2301,Oregon,8
2302,Oregon,8
2303,Oregon,12
2304,Oregon,248
2305,Oregon,1091
2306,Oregon,516
2307,Oregon,194
2308,Oregon,277
2309,Oregon,28
2310,Oregon,1059
2311,Oregon,475
2312,Oregon,480
2313,Oregon,1575
2314,Oregon,4522
2315,Oregon,490
2316,Oregon,6938
2317,Oregon,0
2318,Oregon,511
2319,Oregon,18
2320,Oregon,51
2321,Oregon,2928
2322,Oregon,0
2323,Oregon,435
2324,Oregon,28
2325,Oregon,273
2326,Oregon,4369
2327,Oregon,0
2328,Oregon,745
2329,Pennsylvania,810
2330,Pennsylvania,11867
2331,Pennsylvania,424
2332,Pennsylvania,1845
2333,Pennsylvania,235
2334,Pennsylvania,6939
2335,Pennsylvania,609
2336,Pennsylvania,132
2337,Pennsylvania,8626
2338,Pennsylvania,1024
2339,Pennsylvania,553
2340,Pennsylvania,8
2341,Pennsylvania,455
2342,Pennsylvania,2078
2343,Pennsylvania,6701
2344,Pennsylvania,116
2345,Pennsylvania,313
2346,Pennsylvania,200
2347,Pennsylvania,873
2348,Pennsylvania,298
2349,Pennsylvania,1783
2350,Pennsylvania,3735
2351,Pennsylvania,11233
2352,Pennsylvania,69
2353,Pennsylvania,1504
2354,Pennsylvania,778
2355,Pennsylvania,15
2356,Pennsylvania,1747
2357,Pennsylvania,45
2358,Pennsylvania,181
2359,Pennsylvania,399
2360,Pennsylvania,668
2361,Pennsylvania,109
2362,Pennsylvania,183
2363,Pennsylvania,2417
2364,Pennsylvania,7700
2365,Pennsylvania,505
2366,Pennsylvania,1971
2367,Pennsylvania,5530
2368,Pennsylvania,4050
2369,Pennsylvania,641
2370,Pennsylvania,57
2371,Pennsylvania,705
2372,Pennsylvania,218
2373,Pennsylvania,1780
2374,Pennsylvania,12028
2375,Pennsylvania,164
2376,Pennsylvania,4421
2377,Pennsylvania,919
2378,Pennsylvania,0
2379,Pennsylvania,212
2380,Pennsylvania,36004
2381,Pennsylvania,571
2382,Pennsylvania,26
2383,Pennsylvania,1076
2384,Pennsylvania,283
2385,Pennsylvania,211
2386,Pennsylvania,11
2387,Pennsylvania,293
2388,Pennsylvania,65
2389,Pennsylvania,0
2390,Pennsylvania,453
2391,Pennsylvania,83
2392,Pennsylvania,42
2393,Pennsylvania,1310
2394,Pennsylvania,222
2395,Pennsylvania,2135
2396,Pennsylvania,72
2397,Pennsylvania,4606
2398,Puerto Rico,143
2399,Puerto Rico,314
2400,Puerto Rico,412
2401,Puerto Rico,254
2402,Puerto Rico,147
2403,Puerto Rico,219
2404,Puerto Rico,756
2405,Puerto Rico,160
2406,Puerto Rico,218
2407,Puerto Rico,414
2408,Puerto Rico,3444
2409,Puerto Rico,321
2410,Puerto Rico,1440
2411,Puerto Rico,249
2412,Puerto Rico,635
2413,Puerto Rico,2415
2414,Puerto Rico,407
2415,Puerto Rico,331
2416,Puerto Rico,112
2417,Puerto Rico,220
2418,Puerto Rico,296
2419,Puerto Rico,265
2420,Puerto Rico,236
2421,Puerto Rico,566
2422,Puerto Rico,22
2423,Puerto Rico,723
2424,Puerto Rico,473
2425,Puerto Rico,251
2426,Puerto Rico,97
2427,Puerto Rico,279
2428,Puerto Rico,164
2429,Puerto Rico,1555
2430,Puerto Rico,481
2431,Puerto Rico,268
2432,Puerto Rico,162
2433,Puerto Rico,455
2434,Puerto Rico,252
2435,Puerto Rico,225
2436,Puerto Rico,327
2437,Puerto Rico,343
2438,Puerto Rico,143
2439,Puerto Rico,306
2440,Puerto Rico,103
2441,Puerto Rico,440
2442,Puerto Rico,252
2443,Puerto Rico,230
2444,Puerto Rico,502
2445,Puerto Rico,79
2446,Puerto Rico,107
2447,Puerto Rico,773
2448,Puerto Rico,325
2449,Puerto Rico,498
2450,Puerto Rico,190
2451,Puerto Rico,572
2452,Puerto Rico,317
2453,Puerto Rico,790
2454,Puerto Rico,167
2455,Puerto Rico,114
2456,Puerto Rico,827
2457,Puerto Rico,161
2458,Puerto Rico,166
2459,Puerto Rico,544
2460,Puerto Rico,192
2461,Puerto Rico,395
2462,Puerto Rico,239
2463,Puerto Rico,6758
2464,Puerto Rico,438
2465,Puerto Rico,344
2466,Puerto Rico,165
2467,Puerto Rico,1187
2468,Puerto Rico,1228
2469,Puerto Rico,969
2470,Puerto Rico,525
2471,Puerto Rico,129
2472,Puerto Rico,683
2473,Puerto Rico,895
2474,Puerto Rico,86
2475,Puerto Rico,128
2476,Puerto Rico,267
2477,Puerto Rico,375
2478,Rhode Island,404
2479,Rhode Island,1867
2480,Rhode Island,518
2481,Rhode Island,0
2482,Rhode Island,18437
2483,Rhode Island,2148
2484,Rhode Island,803
2485,South Carolina,548
2486,South Carolina,4025
2487,South Carolina,371
2488,South Carolina,4215
2489,South Carolina,629
2490,South Carolina,674
2491,South Carolina,5508
2492,South Carolina,5390
2493,South Carolina,446
2494,South Carolina,15613
2495,South Carolina,1119
2496,South Carolina,1019
2497,South Carolina,1203
2498,South Carolina,1081
2499,South Carolina,1006
2500,South Carolina,1994
2501,South Carolina,993
2502,South Carolina,4065
2503,South Carolina,797
2504,South Carolina,755
2505,South Carolina,4851
2506,South Carolina,1869
2507,South Carolina,13957
2508,South Carolina,2170
2509,South Carolina,629
2510,South Carolina,10176
2511,South Carolina,782
2512,South Carolina,1892
2513,South Carolina,2086
2514,South Carolina,1626
2515,South Carolina,701
2516,South Carolina,6948
2517,South Carolina,853
2518,South Carolina,899
2519,South Carolina,228
2520,South Carolina,1202
2521,South Carolina,1363
2522,South Carolina,3056
2523,South Carolina,0
2524,South Carolina,2800
2525,South Carolina,14691
2526,South Carolina,684
2527,South Carolina,6565
2528,South Carolina,3150
2529,South Carolina,0
2530,South Carolina,551
2531,South Carolina,1319
2532,South Carolina,5187
2533,South Dakota,45
2534,South Dakota,723
2535,South Dakota,62
2536,South Dakota,79
2537,South Dakota,704
2538,South Dakota,1067
2539,South Dakota,104
2540,South Dakota,123
2541,South Dakota,82
2542,South Dakota,16
2543,South Dakota,156
2544,South Dakota,34
2545,South Dakota,540
2546,South Dakota,757
2547,South Dakota,89
2548,South Dakota,179
2549,South Dakota,230
2550,South Dakota,65
2551,South Dakota,79
2552,South Dakota,125
2553,South Dakota,72
2554,South Dakota,90
2555,South Dakota,88
2556,South Dakota,65
2557,South Dakota,98
2558,South Dakota,110
2559,South Dakota,19
2560,South Dakota,80
2561,South Dakota,32
2562,South Dakota,32
2563,South Dakota,5
2564,South Dakota,349
2565,South Dakota,78
2566,South Dakota,18
2567,South Dakota,29
2568,South Dakota,76
2569,South Dakota,7
2570,South Dakota,47
2571,South Dakota,175
2572,South Dakota,362
2573,South Dakota,1251
2574,South Dakota,120
2575,South Dakota,38
2576,South Dakota,88
2577,South Dakota,29
2578,South Dakota,487
2579,South Dakota,30
2580,South Dakota,19
2581,South Dakota,6383
2582,South Dakota,78
2583,South Dakota,235
2584,South Dakota,0
2585,South Dakota,2091
2586,South Dakota,36
2587,South Dakota,40
2588,South Dakota,167
2589,South Dakota,23
2590,South Dakota,115
2591,South Dakota,34
2592,South Dakota,9
2593,South Dakota,112
2594,South Dakota,114
2595,South Dakota,143
2596,South Dakota,0
2597,South Dakota,367
2598,South Dakota,102
2599,South Dakota,372
2600,South Dakota,60
2601,Tennessee,1153
2602,Tennessee,1317
2603,Tennessee,334
2604,Tennessee,848
2605,Tennessee,2461
2606,Tennessee,2883
2607,Tennessee,424
2608,Tennessee,281
2609,Tennessee,849
2610,Tennessee,1141
2611,Tennessee,805
2612,Tennessee,605
2613,Tennessee,438
2614,Tennessee,215
2615,Tennessee,737
2616,Tennessee,1156
2617,Tennessee,529
2618,Tennessee,1169
2619,Tennessee,26194
2620,Tennessee,550
2621,Tennessee,495
2622,Tennessee,1230
2623,Tennessee,1314
2624,Tennessee,1167
2625,Tennessee,462
2626,Tennessee,945
2627,Tennessee,1586
2628,Tennessee,576
2629,Tennessee,360
2630,Tennessee,1118
2631,Tennessee,263
2632,Tennessee,1873
2633,Tennessee,9263
2634,Tennessee,107
2635,Tennessee,1546
2636,Tennessee,991
2637,Tennessee,780
2638,Tennessee,933
2639,Tennessee,1151
2640,Tennessee,612
2641,Tennessee,553
2642,Tennessee,198
2643,Tennessee,243
2644,Tennessee,314
2645,Tennessee,1085
2646,Tennessee,662
2647,Tennessee,9115
2648,Tennessee,919
2649,Tennessee,949
2650,Tennessee,1003
2651,Tennessee,179
2652,Tennessee,596
2653,Tennessee,1131
2654,Tennessee,1033
2655,Tennessee,2780
2656,Tennessee,516
2657,Tennessee,733
2658,Tennessee,2289
2659,Tennessee,1094
2660,Tennessee,824
2661,Tennessee,221
2662,Tennessee,1010
2663,Tennessee,3015
2664,Tennessee,161
2665,Tennessee,310
2666,Tennessee,1112
2667,Tennessee,2968
2668,Tennessee,708
2669,Tennessee,149
2670,Tennessee,107
2671,Tennessee,380
2672,Tennessee,3170
2673,Tennessee,791
2674,Tennessee,864
2675,Tennessee,2188
2676,Tennessee,9113
2677,Tennessee,208
2678,Tennessee,226
2679,Tennessee,2553
2680,Tennessee,30397
2681,Tennessee,697
2682,Tennessee,182
2683,Tennessee,2093
2684,Tennessee,4750
2685,Tennessee,1766
2686,Tennessee,1651
2687,Tennessee,2904
2688,Tennessee,281
2689,Tennessee,345
2690,Tennessee,159
2691,Tennessee,1019
2692,Tennessee,2232
2693,Tennessee,1489
2694,Tennessee,1145
2695,Tennessee,806
2696,Tennessee,5139
2697,Tennessee,3412
2698,Texas,2822
2699,Texas,415
2700,Texas,2120
2701,Texas,320
2702,Texas,79
2703,Texas,13
2704,Texas,1154
2705,Texas,485
2706,Texas,214
2707,Texas,158
2708,Texas,1811
2709,Texas,17
2710,Texas,1818
2711,Texas,5371
2712,Texas,53794
2713,Texas,144
2714,Texas,1
2715,Texas,311
2716,Texas,1331
2717,Texas,11144
2718,Texas,6178
2719,Texas,215
2720,Texas,12
2721,Texas,303
2722,Texas,563
2723,Texas,337
2724,Texas,721
2725,Texas,1511
2726,Texas,818
2727,Texas,86
2728,Texas,22544
2729,Texas,350
2730,Texas,19
2731,Texas,338
2732,Texas,250
2733,Texas,1285
2734,Texas,1534
2735,Texas,68
2736,Texas,84
2737,Texas,50
2738,Texas,52
2739,Texas,70
2740,Texas,13210
2741,Texas,18
2742,Texas,480
2743,Texas,2642
2744,Texas,299
2745,Texas,129
2746,Texas,415
2747,Texas,1810
2748,Texas,25
2749,Texas,71
2750,Texas,164
2751,Texas,86
2752,Texas,54
2753,Texas,244
2754,Texas,78723
2755,Texas,380
2756,Texas,982
2757,Texas,860
2758,Texas,24
2759,Texas,11770
2760,Texas,48
2761,Texas,254
2762,Texas,61
2763,Texas,434
2764,Texas,168
2765,Texas,4727
2766,Texas,67
2767,Texas,22821
2768,Texas,4298
2769,Texas,837
2770,Texas,234
2771,Texas,667
2772,Texas,592
2773,Texas,66
2774,Texas,106
2775,Texas,9
2776,Texas,16049
2777,Texas,132
2778,Texas,404
2779,Texas,973
2780,Texas,328
2781,Texas,11497
2782,Texas,103
2783,Texas,310
2784,Texas,8
2785,Texas,154
2786,Texas,1057
2787,Texas,289
2788,Texas,1829
2789,Texas,2191
2790,Texas,1079
2791,Texas,3566
2792,Texas,1815
2793,Texas,28
2794,Texas,119
2795,Texas,112
2796,Texas,25
2797,Texas,1325
2798,Texas,139017
2799,Texas,878
2800,Texas,125
2801,Texas,62
2802,Texas,5818
2803,Texas,73
2804,Texas,946
2805,Texas,31162
2806,Texas,641
2807,Texas,338
2808,Texas,920
2809,Texas,337
2810,Texas,372
2811,Texas,677
2812,Texas,45
2813,Texas,1595
2814,Texas,196
2815,Texas,10
2816,Texas,131
2817,Texas,606
2818,Texas,470
2819,Texas,14
2820,Texas,7293
2821,Texas,105
2822,Texas,1450
2823,Texas,2905
2824,Texas,577
2825,Texas,936
2826,Texas,3088
2827,Texas,331
2828,Texas,7
2829,Texas,9
2830,Texas,590
2831,Texas,16
2832,Texas,0
2833,Texas,44
2834,Texas,997
2835,Texas,67
2836,Texas,362
2837,Texas,1097
2838,Texas,328
2839,Texas,243
2840,Texas,973
2841,Texas,219
2842,Texas,235
2843,Texas,2260
2844,Texas,562
2845,Texas,32
2846,Texas,368
2847,Texas,122
2848,Texas,0
2849,Texas,10681
2850,Texas,93
2851,Texas,717
2852,Texas,150
2853,Texas,77
2854,Texas,76
2855,Texas,1041
2856,Texas,3652
2857,Texas,148
2858,Texas,7626
2859,Texas,23
2860,Texas,1192
2861,Texas,26
2862,Texas,3636
2863,Texas,488
2864,Texas,59
2865,Texas,86
2866,Texas,171
2867,Texas,10747
2868,Texas,1158
2869,Texas,183
2870,Texas,7
2871,Texas,1533
2872,Texas,1249
2873,Texas,178
2874,Texas,222
2875,Texas,20270
2876,Texas,133
2877,Texas,16
2878,Texas,1921
2879,Texas,0
2880,Texas,538
2881,Texas,376
2882,Texas,1909
2883,Texas,417
2884,Texas,364
2885,Texas,838
2886,Texas,4707
2887,Texas,96
2888,Texas,67
2889,Texas,2722
2890,Texas,87
2891,Texas,118
2892,Texas,160
2893,Texas,190
2894,Texas,303
2895,Texas,9
2896,Texas,301
2897,Texas,1576
2898,Texas,263
2899,Texas,900
2900,Texas,77
2901,Texas,199
2902,Texas,225
2903,Texas,1459
2904,Texas,53
2905,Texas,53
2906,Texas,646
2907,Texas,24
2908,Texas,474
2909,Texas,61
2910,Texas,3702
2911,Texas,140
2912,Texas,3387
2913,Texas,132
2914,Texas,4
2915,Texas,14
2916,Texas,81
2917,Texas,104
2918,Texas,47917
2919,Texas,1452
2920,Texas,3
2921,Texas,237
2922,Texas,8
2923,Texas,1557
2924,Texas,3615
2925,Texas,28745
2926,Texas,194
2927,Texas,214
2928,Texas,0
2929,Texas,383
2930,Texas,23
2931,Texas,764
2932,Texas,2135
2933,Texas,582
2934,Texas,4020
2935,Texas,3690
2936,Texas,832
2937,Texas,120
2938,Texas,633
2939,Texas,13369
2940,Texas,1350
2941,Texas,46
2942,Texas,1652
2943,Texas,137
2944,Texas,1206
2945,Texas,8515
2946,Texas,888
2947,Texas,113
2948,Texas,761
2949,Texas,513
2950,Texas,203
2951,Texas,294
2952,Texas,333
2953,Texas,347
2954,Utah,3197
2955,Utah,0
2956,Utah,0
2957,Utah,0
2958,Utah,0
2959,Utah,616
2960,Utah,0
2961,Utah,4817
2962,Utah,0
2963,Utah,0
2964,Utah,0
2965,Utah,0
2966,Utah,0
2967,Utah,0
2968,Utah,0
2969,Utah,0
2970,Utah,0
2971,Utah,0
2972,Utah,0
2973,Utah,0
2974,Utah,28996
2975,Utah,693
2976,Utah,0
2977,Utah,0
2978,Utah,186
2979,Utah,4067
2980,Utah,961
2981,Utah,838
2982,Utah,230
2983,Utah,0
2984,Utah,0
2985,Utah,16486
2986,Utah,724
2987,Utah,0
2988,Utah,0
2989,Utah,0
2990,Utah,4110
2991,Vermont,83
2992,Vermont,109
2993,Vermont,34
2994,Vermont,831
2995,Vermont,6
2996,Vermont,123
2997,Vermont,14
2998,Vermont,57
2999,Vermont,24
3000,Vermont,21
3001,Vermont,0
3002,Vermont,128
3003,Vermont,8
3004,Vermont,77
3005,Vermont,123
3006,Vermont,84
3007,Virgin Islands,1290
3008,Virginia,1169
3009,Virginia,1203
3010,Virginia,3741
3011,Virginia,77
3012,Virginia,124
3013,Virginia,381
3014,Virginia,208
3015,Virginia,3877
3016,Virginia,470
3017,Virginia,6
3018,Virginia,718
3019,Virginia,65
3020,Virginia,292
3021,Virginia,178
3022,Virginia,347
3023,Virginia,135
3024,Virginia,677
3025,Virginia,80
3026,Virginia,422
3027,Virginia,343
3028,Virginia,488
3029,Virginia,83
3030,Virginia,103
3031,Virginia,1105
3032,Virginia,4241
3033,Virginia,5851
3034,Virginia,93
3035,Virginia,250
3036,Virginia,30
3037,Virginia,29
3038,Virginia,1184
3039,Virginia,104
3040,Virginia,843
3041,Virginia,93
3042,Virginia,373
3043,Virginia,250
3044,Virginia,173
3045,Virginia,20437
3046,Virginia,134
3047,Virginia,69
3048,Virginia,917
3049,Virginia,197
3050,Virginia,372
3051,Virginia,194
3052,Virginia,397
3053,Virginia,860
3054,Virginia,531
3055,Virginia,413
3056,Virginia,85
3057,Virginia,230
3058,Virginia,260
3059,Virginia,307
3060,Virginia,212
3061,Virginia,774
3062,Virginia,332
3063,Virginia,1793
3064,Virginia,1248
3065,Virginia,2541
3066,Virginia,5331
3067,Virginia,1025
3068,Virginia,6
3069,Virginia,387
3070,Virginia,709
3071,Virginia,838
3072,Virginia,227
3073,Virginia,154
3074,Virginia,71
3075,Virginia,140
3076,Virginia,262
3077,Virginia,59
3078,Virginia,6720
3079,Virginia,281
3080,Virginia,113
3081,Virginia,1336
3082,Virginia,103
3083,Virginia,1904
3084,Virginia,607
3085,Virginia,378
3086,Virginia,41
3087,Virginia,671
3088,Virginia,112
3089,Virginia,1783
3090,Virginia,99
3091,Virginia,183
3092,Virginia,2700
3093,Virginia,4765
3094,Virginia,305
3095,Virginia,147
3096,Virginia,33
3097,Virginia,254
3098,Virginia,317
3099,Virginia,0
3100,Virginia,389
3101,Virginia,271
3102,Virginia,726
3103,Virginia,969
3104,Virginia,75
3105,Virginia,2534
3106,Virginia,219
3107,Virginia,568
3108,Virginia,774
3109,Virginia,12215
3110,Virginia,220
3111,Virginia,725
3112,Virginia,64
3113,Virginia,341
3114,Virginia,4551
3115,Virginia,806
3116,Virginia,1621
3117,Virginia,106
3118,Virginia,1390
3119,Virginia,242
3120,Virginia,263
3121,Virginia,181
3122,Virginia,801
3123,Virginia,449
3124,Virginia,744
3125,Virginia,2106
3126,Virginia,1971
3127,Virginia,246
3128,Virginia,1916
3129,Virginia,114
3130,Virginia,419
3131,Virginia,278
3132,Virginia,0
3133,Virginia,6689
3134,Virginia,415
3135,Virginia,544
3136,Virginia,257
3137,Virginia,266
3138,Virginia,177
3139,Virginia,490
3140,Virginia,393
3141,Virginia,227
3142,Virginia,537
3143,Washington,818
3144,Washington,89
3145,Washington,4475
3146,Washington,1836
3147,Washington,225
3148,Washington,2649
3149,Washington,14
3150,Washington,635
3151,Washington,1182
3152,Washington,29
3153,Washington,4218
3154,Washington,11
3155,Washington,2853
3156,Washington,460
3157,Washington,301
3158,Washington,71
3159,Washington,21650
3160,Washington,1152
3161,Washington,512
3162,Washington,191
3163,Washington,483
3164,Washington,41
3165,Washington,378
3166,Washington,1035
3167,Washington,0
3168,Washington,80
3169,Washington,59
3170,Washington,7697
3171,Washington,29
3172,Washington,1088
3173,Washington,64
3174,Washington,6762
3175,Washington,6447
3176,Washington,161
3177,Washington,1038
3178,Washington,292
3179,Washington,6
3180,Washington,869
3181,Washington,1302
3182,Washington,1184
3183,Washington,11316
3184,West Virginia,48
3185,West Virginia,952
3186,West Virginia,203
3187,West Virginia,13
3188,West Virginia,112
3189,West Virginia,741
3190,West Virginia,25
3191,West Virginia,36
3192,West Virginia,18
3193,West Virginia,580
3194,West Virginia,33
3195,West Virginia,152
3196,West Virginia,124
3197,West Virginia,103
3198,West Virginia,144
3199,West Virginia,82
3200,West Virginia,344
3201,West Virginia,252
3202,West Virginia,425
3203,West Virginia,2415
3204,West Virginia,38
3205,West Virginia,157
3206,West Virginia,588
3207,West Virginia,259
3208,West Virginia,163
3209,West Virginia,138
3210,West Virginia,86
3211,West Virginia,404
3212,West Virginia,171
3213,West Virginia,367
3214,West Virginia,1948
3215,West Virginia,148
3216,West Virginia,53
3217,West Virginia,96
3218,West Virginia,359
3219,West Virginia,0
3220,West Virginia,52
3221,West Virginia,17
3222,West Virginia,59
3223,West Virginia,150
3224,West Virginia,522
3225,West Virginia,487
3226,West Virginia,237
3227,West Virginia,11
3228,West Virginia,49
3229,West Virginia,46
3230,West Virginia,120
3231,West Virginia,17
3232,West Virginia,15
3233,West Virginia,0
3234,West Virginia,63
3235,West Virginia,367
3236,West Virginia,7
3237,West Virginia,50
3238,West Virginia,12
3239,West Virginia,354
3240,West Virginia,103
3241,Wisconsin,214
3242,Wisconsin,74
3243,Wisconsin,425
3244,Wisconsin,89
3245,Wisconsin,8032
3246,Wisconsin,128
3247,Wisconsin,155
3248,Wisconsin,942
3249,Wisconsin,489
3250,Wisconsin,347
3251,Wisconsin,549
3252,Wisconsin,147
3253,Wisconsin,9040
3254,Wisconsin,1677
3255,Wisconsin,264
3256,Wisconsin,397
3257,Wisconsin,426
3258,Wisconsin,1703
3259,Wisconsin,73
3260,Wisconsin,1840
3261,Wisconsin,231
3262,Wisconsin,873
3263,Wisconsin,458
3264,Wisconsin,215
3265,Wisconsin,169
3266,Wisconsin,137
3267,Wisconsin,115
3268,Wisconsin,1278
3269,Wisconsin,337
3270,Wisconsin,3334
3271,Wisconsin,428
3272,Wisconsin,2785
3273,Wisconsin,239
3274,Wisconsin,142
3275,Wisconsin,169
3276,Wisconsin,918
3277,Wisconsin,1151
3278,Wisconsin,783
3279,Wisconsin,207
3280,Wisconsin,58
3281,Wisconsin,27356
3282,Wisconsin,423
3283,Wisconsin,729
3284,Wisconsin,366
3285,Wisconsin,0
3286,Wisconsin,3793
3287,Wisconsin,1259
3288,Wisconsin,56
3289,Wisconsin,414
3290,Wisconsin,228
3291,Wisconsin,1270
3292,Wisconsin,57
3293,Wisconsin,4585
3294,Wisconsin,95
3295,Wisconsin,2327
3296,Wisconsin,52
3297,Wisconsin,832
3298,Wisconsin,196
3299,Wisconsin,643
3300,Wisconsin,1501
3301,Wisconsin,859
3302,Wisconsin,157
3303,Wisconsin,580
3304,Wisconsin,0
3305,Wisconsin,186
3306,Wisconsin,177
3307,Wisconsin,2503
3308,Wisconsin,95
3309,Wisconsin,2380
3310,Wisconsin,6838
3311,Wisconsin,942
3312,Wisconsin,289
3313,Wisconsin,2988
3314,Wisconsin,718
3315,Wyoming,426
3316,Wyoming,52
3317,Wyoming,270
3318,Wyoming,221
3319,Wyoming,110
3320,Wyoming,38
3321,Wyoming,686
3322,Wyoming,81
3323,Wyoming,37
3324,Wyoming,30
3325,Wyoming,661
3326,Wyoming,160
3327,Wyoming,485
3328,Wyoming,3
3329,Wyoming,0
3330,Wyoming,214
3331,Wyoming,23
3332,Wyoming,262
3333,Wyoming,87
3334,Wyoming,326
3335,Wyoming,517
3336,Wyoming,342
3337,Wyoming,0
3338,Wyoming,113
3339,Wyoming,25
